<?xml version="1.0" encoding="utf-8" standalone="yes"?>
<rss version="2.0" xmlns:atom="http://www.w3.org/2005/Atom" xmlns:content="http://purl.org/rss/1.0/modules/content/">
  <channel>
    <title>Pattern Generator on Dev Pages</title>
    <link>https://liviuiancu.com/tags/pattern-generator/</link>
    <description>Recent content in Pattern Generator on Dev Pages</description>
    <generator>Hugo -- 0.142.0</generator>
    <language>en</language>
    <copyright>PaperMod Contributors</copyright>
    <lastBuildDate>Fri, 30 Mar 2018 00:00:00 +0000</lastBuildDate>
    <atom:link href="https://liviuiancu.com/tags/pattern-generator/index.xml" rel="self" type="application/rss+xml" />
    <item>
      <title>Mathematical Pattern Visualization with D3</title>
      <link>https://liviuiancu.com/posts/math-d3-visualisation/</link>
      <pubDate>Fri, 30 Mar 2018 00:00:00 +0000</pubDate>
      <guid>https://liviuiancu.com/posts/math-d3-visualisation/</guid>
      <description>Visualising patterns using the D3 library.</description>
    </item>
  </channel>
</rss>
