<?xml version="1.0" encoding="utf-8" standalone="yes"?>
<rss version="2.0" xmlns:atom="http://www.w3.org/2005/Atom" xmlns:content="http://purl.org/rss/1.0/modules/content/">
  <channel>
    <title>Frcategories on PaperModL2</title>
    <link>http://192.168.65.2:1313/frcategories/</link>
    <description>Recent content in Frcategories on PaperModL2</description>
    <image>
      <title>PaperModL2</title>
      <url>http://192.168.65.2:1313/images/papermod-cover.png</url>
      <link>http://192.168.65.2:1313/images/papermod-cover.png</link>
    </image>
    <generator>Hugo -- 0.142.0</generator>
    <language>en</language>
    <copyright>PaperMod Contributors</copyright>
    <atom:link href="http://192.168.65.2:1313/frcategories/index.xml" rel="self" type="application/rss+xml" />
  </channel>
</rss>
