<?xml version="1.0" encoding="utf-8" standalone="yes"?>
<rss version="2.0" xmlns:atom="http://www.w3.org/2005/Atom" xmlns:content="http://purl.org/rss/1.0/modules/content/">
  <channel>
    <title>Web Development on Welcome</title>
    <link>http://192.168.65.2:1313/tags/web-development/</link>
    <description>Recent content in Web Development on Welcome</description>
    <image>
      <title>Welcome</title>
      <url>http://192.168.65.2:1313/images/papermod-cover.png</url>
      <link>http://192.168.65.2:1313/images/papermod-cover.png</link>
    </image>
    <generator>Hugo -- 0.142.0</generator>
    <language>en</language>
    <copyright>PaperMod Contributors</copyright>
    <lastBuildDate>Fri, 30 Mar 2018 00:00:00 +0000</lastBuildDate>
    <atom:link href="http://192.168.65.2:1313/tags/web-development/index.xml" rel="self" type="application/rss+xml" />
    <item>
      <title>Sorting App for Classical Composers</title>
      <link>http://192.168.65.2:1313/posts/papermod/sorting-composers/</link>
      <pubDate>Fri, 30 Mar 2018 00:00:00 +0000</pubDate>
      <guid>http://192.168.65.2:1313/posts/papermod/sorting-composers/</guid>
      <description>Trying out list sorting library.</description>
    </item>
  </channel>
</rss>
