<?xml version="1.0" encoding="utf-8" standalone="yes"?>
<rss version="2.0" xmlns:atom="http://www.w3.org/2005/Atom" xmlns:content="http://purl.org/rss/1.0/modules/content/">
  <channel>
    <title>Bash Scripting Sharing Node Automate on Welcome</title>
    <link>http://192.168.65.2:1313/tags/bash-scripting-sharing-node-automate/</link>
    <description>Recent content in Bash Scripting Sharing Node Automate on Welcome</description>
    <image>
      <title>Welcome</title>
      <url>http://192.168.65.2:1313/images/papermod-cover.png</url>
      <link>http://192.168.65.2:1313/images/papermod-cover.png</link>
    </image>
    <generator>Hugo -- 0.142.0</generator>
    <language>en</language>
    <copyright>PaperMod Contributors</copyright>
    <lastBuildDate>Sun, 30 Dec 2018 00:00:00 +0000</lastBuildDate>
    <atom:link href="http://192.168.65.2:1313/tags/bash-scripting-sharing-node-automate/index.xml" rel="self" type="application/rss+xml" />
    <item>
      <title>Automate tasks and share using script files</title>
      <link>http://192.168.65.2:1313/posts/automate-tasks/</link>
      <pubDate>Sun, 30 Dec 2018 00:00:00 +0000</pubDate>
      <guid>http://192.168.65.2:1313/posts/automate-tasks/</guid>
      <description>A bit about using the power of scripts to help my comrades automate repeated tasks and process optimizations.</description>
    </item>
  </channel>
</rss>
