<?xml version="1.0" encoding="utf-8" standalone="yes"?>
<rss version="2.0" xmlns:atom="http://www.w3.org/2005/Atom" xmlns:content="http://purl.org/rss/1.0/modules/content/">
  <channel>
    <title>Proxmox on Dev Pages</title>
    <link>https://liviuiancu.com/tags/proxmox/</link>
    <description>Recent content in Proxmox on Dev Pages</description>
    <generator>Hugo -- 0.142.0</generator>
    <language>en</language>
    <copyright>PaperMod Contributors</copyright>
    <lastBuildDate>Sat, 10 Jan 2026 00:00:00 +0000</lastBuildDate>
    <atom:link href="https://liviuiancu.com/tags/proxmox/index.xml" rel="self" type="application/rss+xml" />
    <item>
      <title>Running Proxmox and Dokploy for my home lab</title>
      <link>https://liviuiancu.com/posts/proxmox-for-dokploy/</link>
      <pubDate>Thu, 01 Jan 2026 00:00:00 +0000</pubDate>
      <guid>https://liviuiancu.com/posts/proxmox-for-dokploy/</guid>
      <description>Proxmox is my new virtualization platform of choice for running containerized workloads at home. After several detours through configuration rabbit holes, here&amp;rsquo;s what I learned setting up LXC containers for Dokploy and other services.</description>
    </item>
    <item>
      <title>Push notifications from sensors using python automation</title>
      <link>https://liviuiancu.com/posts/sensor-push-notification/</link>
      <pubDate>Sat, 10 Jan 2026 00:00:00 +0000</pubDate>
      <guid>https://liviuiancu.com/posts/sensor-push-notification/</guid>
      <description>Practical, fun way to use Python to solve problems in home automation.</description>
    </item>
  </channel>
</rss>
