<?xml version="1.0" encoding="utf-8" standalone="yes"?>
<rss version="2.0" xmlns:atom="http://www.w3.org/2005/Atom" xmlns:content="http://purl.org/rss/1.0/modules/content/">
  <channel>
    <title>Linux Centos7 Home Server Owncloud on Welcome</title>
    <link>http://192.168.65.2:1313/tags/linux-centos7-home-server-owncloud/</link>
    <description>Recent content in Linux Centos7 Home Server Owncloud on Welcome</description>
    <image>
      <title>Welcome</title>
      <url>http://192.168.65.2:1313/images/papermod-cover.png</url>
      <link>http://192.168.65.2:1313/images/papermod-cover.png</link>
    </image>
    <generator>Hugo -- 0.142.0</generator>
    <language>en</language>
    <copyright>PaperMod Contributors</copyright>
    <lastBuildDate>Sun, 15 Jul 2018 00:00:00 +0000</lastBuildDate>
    <atom:link href="http://192.168.65.2:1313/tags/linux-centos7-home-server-owncloud/index.xml" rel="self" type="application/rss+xml" />
    <item>
      <title>Setting up a home CentOS 7 server with OwnCloud</title>
      <link>http://192.168.65.2:1313/posts/centos7-owncloud/</link>
      <pubDate>Sun, 15 Jul 2018 00:00:00 +0000</pubDate>
      <guid>http://192.168.65.2:1313/posts/centos7-owncloud/</guid>
      <description>Lessons from High Performance Browser Networking from Ilya Grigorik. Fantastic resource, great help to understand how networks work.</description>
    </item>
  </channel>
</rss>
