<?xml version="1.0" encoding="utf-8" standalone="yes"?>
<rss version="2.0" xmlns:atom="http://www.w3.org/2005/Atom" xmlns:content="http://purl.org/rss/1.0/modules/content/">
  <channel>
    <title>Journal on Dev Pages</title>
    <link>https://liviuiancu.com/tags/journal/</link>
    <description>Recent content in Journal on Dev Pages</description>
    <generator>Hugo -- 0.142.0</generator>
    <language>en</language>
    <copyright>PaperMod Contributors</copyright>
    <lastBuildDate>Mon, 16 Feb 2026 00:00:00 +0000</lastBuildDate>
    <atom:link href="https://liviuiancu.com/tags/journal/index.xml" rel="self" type="application/rss+xml" />
    <item>
      <title>Summary about this blog and the author: Liviu Iancu</title>
      <link>https://liviuiancu.com/posts/summary/</link>
      <pubDate>Mon, 16 Feb 2026 00:00:00 +0000</pubDate>
      <guid>https://liviuiancu.com/posts/summary/</guid>
      <description>About this Blog Summary TLDR and Liviu Iancu. What this blog is about? This is a technical journal, documenting experiments in software engineering, networking, and self-hosting home lab.</description>
    </item>
  </channel>
</rss>
