<?xml version="1.0" encoding="utf-8" standalone="yes"?>
<rss version="2.0" xmlns:atom="http://www.w3.org/2005/Atom" xmlns:content="http://purl.org/rss/1.0/modules/content/">
  <channel>
    <title>Git Bash Teamwork Process Optimization Scripting on Welcome</title>
    <link>http://192.168.65.2:1313/tags/git-bash-teamwork-process-optimization-scripting/</link>
    <description>Recent content in Git Bash Teamwork Process Optimization Scripting on Welcome</description>
    <image>
      <title>Welcome</title>
      <url>http://192.168.65.2:1313/images/papermod-cover.png</url>
      <link>http://192.168.65.2:1313/images/papermod-cover.png</link>
    </image>
    <generator>Hugo -- 0.142.0</generator>
    <language>en</language>
    <copyright>PaperMod Contributors</copyright>
    <lastBuildDate>Sun, 25 Nov 2018 00:00:00 +0000</lastBuildDate>
    <atom:link href="http://192.168.65.2:1313/tags/git-bash-teamwork-process-optimization-scripting/index.xml" rel="self" type="application/rss+xml" />
    <item>
      <title>Failing to sell a build optimization idea and not giving up</title>
      <link>http://192.168.65.2:1313/posts/build-optimization/</link>
      <pubDate>Sun, 25 Nov 2018 00:00:00 +0000</pubDate>
      <guid>http://192.168.65.2:1313/posts/build-optimization/</guid>
      <description>Have you ever tried to explain something that could be very helpful but seems too complicated to others because you did not properly present your idea?</description>
    </item>
  </channel>
</rss>
