<?xml version="1.0" encoding="utf-8" standalone="yes"?>
<rss version="2.0" xmlns:atom="http://www.w3.org/2005/Atom">
  <channel>
    <title>Posts on </title>
    <link>http://192.168.65.2:1313/posts/</link>
    <description>Recent content in Posts on </description>
    <generator>Hugo</generator>
    <language>en-us</language>
    <managingEditor>email@example.com (Hugo Nightfall)</managingEditor>
    <webMaster>email@example.com (Hugo Nightfall)</webMaster>
    <lastBuildDate>Sun, 14 Jan 2024 07:07:07 +0100</lastBuildDate>
    <atom:link href="http://192.168.65.2:1313/posts/index.xml" rel="self" type="application/rss+xml" />
    <item>
      <title>My First Post</title>
      <link>http://192.168.65.2:1313/posts/my-first-post/</link>
      <pubDate>Sun, 14 Jan 2024 07:07:07 +0100</pubDate><author>email@example.com (Hugo Nightfall)</author>
      <guid>http://192.168.65.2:1313/posts/my-first-post/</guid>
      <description>&lt;h2 id=&#34;introduction&#34;&gt;Introduction&lt;/h2&gt;&#xA;&lt;p&gt;This is &lt;strong&gt;bold&lt;/strong&gt; text, and this is &lt;em&gt;emphasized&lt;/em&gt; text.&lt;/p&gt;&#xA;&lt;p&gt;Visit the &lt;a href=&#34;https://gohugo.io&#34;&gt;Hugo&lt;/a&gt; website!&lt;/p&gt;</description>
    </item>
  </channel>
</rss>
