<?xml version="1.0" encoding="utf-8" standalone="yes"?>
<rss version="2.0" xmlns:atom="http://www.w3.org/2005/Atom" xmlns:content="http://purl.org/rss/1.0/modules/content/">
  <channel>
    <title>Posts on Dev Pages</title>
    <link>https://liviuiancu.com/posts/</link>
    <description>Recent content in Posts on Dev Pages</description>
    <generator>Hugo -- 0.142.0</generator>
    <language>en</language>
    <copyright>PaperMod Contributors</copyright>
    <lastBuildDate>Thu, 01 Jan 2026 00:00:00 +0000</lastBuildDate>
    <atom:link href="https://liviuiancu.com/posts/index.xml" rel="self" type="application/rss+xml" />
    <item>
      <title>Running Proxmox and Dokploy for my home lab</title>
      <link>https://liviuiancu.com/posts/proxmox-for-dokploy/</link>
      <pubDate>Thu, 01 Jan 2026 00:00:00 +0000</pubDate>
      <guid>https://liviuiancu.com/posts/proxmox-for-dokploy/</guid>
      <description>Proxmox is my new virtualization platform of choice for running containerized workloads at home. After several detours through configuration rabbit holes, here&amp;rsquo;s what I learned setting up LXC containers for Dokploy and other services.</description>
    </item>
    <item>
      <title>💻 Convex Hosting on a Home Lab with Docker and Orbstack</title>
      <link>https://liviuiancu.com/posts/convex-db-self-host/</link>
      <pubDate>Thu, 20 Nov 2025 00:00:00 +0000</pubDate>
      <guid>https://liviuiancu.com/posts/convex-db-self-host/</guid>
      <description>Self-hosting modern application backends is often a puzzle of configuration, especially when working with newer architectures and tools. Convex, with its focus on full-stack development, offers a self-hosted option that&amp;rsquo;s perfect for a &lt;strong&gt;home lab&lt;/strong&gt; environment.</description>
    </item>
    <item>
      <title>Comparing four ai generators generating a voting app</title>
      <link>https://liviuiancu.com/posts/comparing-ai-generators/</link>
      <pubDate>Sat, 11 Oct 2025 00:00:00 +0000</pubDate>
      <guid>https://liviuiancu.com/posts/comparing-ai-generators/</guid>
      <description>Using the same prompt on four ai app generators to see how they compare. Main goal is to generate a voting web app</description>
    </item>
    <item>
      <title>Home lab vs Cloud provider: My quest for affordable, practical DevOps Kubernetes experience</title>
      <link>https://liviuiancu.com/posts/homelab-alternative-to-cloud/</link>
      <pubDate>Wed, 26 Mar 2025 00:00:00 +0000</pubDate>
      <guid>https://liviuiancu.com/posts/homelab-alternative-to-cloud/</guid>
      <description>Reasons why I stopped using Azure and decided to use my home lab to build a portfolio and gain practical knowledge.</description>
    </item>
    <item>
      <title>Building My Own Firewall Router with OPNsense: A Journey in Home Network Security</title>
      <link>https://liviuiancu.com/posts/router-opnsense/</link>
      <pubDate>Thu, 23 Jan 2025 00:00:00 +0000</pubDate>
      <guid>https://liviuiancu.com/posts/router-opnsense/</guid>
      <description>Some practical benefits running OPNsense on your home network. It vastly improves safety for anyone at home using the internet.</description>
    </item>
    <item>
      <title>Painting the command line: Coloring the terminal output to make more sense of data</title>
      <link>https://liviuiancu.com/posts/cmd-line-colors/</link>
      <pubDate>Sun, 25 Aug 2024 00:00:00 +0000</pubDate>
      <guid>https://liviuiancu.com/posts/cmd-line-colors/</guid>
      <description>Coloring the output of a command</description>
    </item>
    <item>
      <title>Firefox plugin - Hide YouTube recommendation sections</title>
      <link>https://liviuiancu.com/posts/firefox-ext-yt-hide/</link>
      <pubDate>Mon, 24 Feb 2025 00:00:00 +0000</pubDate>
      <guid>https://liviuiancu.com/posts/firefox-ext-yt-hide/</guid>
      <description>Small experiment to observe the effect of hiding recommendation sections and stop doom scrolling.</description>
    </item>
    <item>
      <title>Setting up a home CentOS 7 server with OwnCloud</title>
      <link>https://liviuiancu.com/posts/centos7-owncloud/</link>
      <pubDate>Sun, 15 Jul 2018 00:00:00 +0000</pubDate>
      <guid>https://liviuiancu.com/posts/centos7-owncloud/</guid>
      <description>Lessons from High Performance Browser Networking from Ilya Grigorik. Fantastic resource, great help to understand how networks work.</description>
    </item>
    <item>
      <title>Mathematical Pattern Visualization with D3</title>
      <link>https://liviuiancu.com/posts/math-d3-visualisation/</link>
      <pubDate>Fri, 30 Mar 2018 00:00:00 +0000</pubDate>
      <guid>https://liviuiancu.com/posts/math-d3-visualisation/</guid>
      <description>Visualising patterns using the D3 library.</description>
    </item>
    <item>
      <title>Notes on the book High Performance Browser Networking</title>
      <link>https://liviuiancu.com/posts/book-on-browser-network/</link>
      <pubDate>Fri, 30 Mar 2018 00:00:00 +0000</pubDate>
      <guid>https://liviuiancu.com/posts/book-on-browser-network/</guid>
      <description>&lt;p&gt;This is a big book on performance for web developers. I am writing this article especially for myself as a reminder of the many things that can be improved in our apps and servers.&lt;br&gt;
&lt;img alt=&#34;Osi model&#34; loading=&#34;lazy&#34; src=&#34;../../assets/img/image.png&#34;&gt;&lt;/p&gt;
&lt;p&gt;What this book is about? In the words of the author:&lt;/p&gt;
&lt;pre&gt;&lt;code&gt;“ How the network works, why it works the way it does and what you can do to optimize it ”
&lt;/code&gt;&lt;/pre&gt;
&lt;h3 id=&#34;key-points-and-lessons-learned&#34;&gt;Key points and lessons learned&lt;/h3&gt;
&lt;p&gt;Understand &lt;strong&gt;bandwidth&lt;/strong&gt; (measured in Mbps) vs latency (measured in ms). Need to transfer many small pieces? Latency is priority. Need to send big files over same pipe others are transferring big files? Bandwidth is more important.&lt;/p&gt;</description>
    </item>
    <item>
      <title>Failing to sell a build optimization idea and not giving up</title>
      <link>https://liviuiancu.com/posts/build-optimization/</link>
      <pubDate>Sun, 25 Nov 2018 00:00:00 +0000</pubDate>
      <guid>https://liviuiancu.com/posts/build-optimization/</guid>
      <description>Have you ever tried to explain something that could be very helpful but seems too complicated to others because you did not properly present your idea?</description>
    </item>
    <item>
      <title>Trying out the Ergo blockchain environment</title>
      <link>https://liviuiancu.com/posts/ergo-blockchain/</link>
      <pubDate>Sun, 08 May 2022 00:00:00 +0000</pubDate>
      <guid>https://liviuiancu.com/posts/ergo-blockchain/</guid>
      <description>Started with this page &lt;a href=&#34;https://docs.ergoplatform.com/node/install/&#34;&gt;https://docs.ergoplatform.com/node/install/&lt;/a&gt; to install a ergo node but it quickly turned into 2 days of searching for alternatives and tutorials.</description>
    </item>
    <item>
      <title>Learning blockchain programming</title>
      <link>https://liviuiancu.com/posts/blockchain-learning/</link>
      <pubDate>Thu, 03 Mar 2022 00:00:00 +0000</pubDate>
      <guid>https://liviuiancu.com/posts/blockchain-learning/</guid>
      <description>In the last couple of months I became curious about what makes a crypto currency work, and why I see more and more news about the technology behind it, promoting it as the future solution to so many problems. How does blockchain work?</description>
    </item>
    <item>
      <title>Unit tests examples in Angular with Jasmine</title>
      <link>https://liviuiancu.com/posts/unit-tests-angular/</link>
      <pubDate>Thu, 05 Dec 2019 00:00:00 +0000</pubDate>
      <guid>https://liviuiancu.com/posts/unit-tests-angular/</guid>
      <description>For you if the importance of unit testing is unquestionable and you are looking for unit testing references with examples of code.</description>
    </item>
    <item>
      <title>Automate tasks and share using script files</title>
      <link>https://liviuiancu.com/posts/automate-tasks/</link>
      <pubDate>Sun, 30 Dec 2018 00:00:00 +0000</pubDate>
      <guid>https://liviuiancu.com/posts/automate-tasks/</guid>
      <description>A bit about using the power of scripts to help my comrades automate repeated tasks and process optimizations.</description>
    </item>
    <item>
      <title>Git pull-request from command line</title>
      <link>https://liviuiancu.com/posts/git-pull-from-shell/</link>
      <pubDate>Sat, 19 May 2018 00:00:00 +0000</pubDate>
      <guid>https://liviuiancu.com/posts/git-pull-from-shell/</guid>
      <description>A more direct pr request init from terminal</description>
    </item>
  </channel>
</rss>
