<?xml version="1.0" encoding="utf-8" standalone="yes"?>
<rss version="2.0" xmlns:atom="http://www.w3.org/2005/Atom" xmlns:content="http://purl.org/rss/1.0/modules/content/">
  <channel>
    <title>Documents Chat on Dev Pages</title>
    <link>https://liviuiancu.com/tags/documents-chat/</link>
    <description>Recent content in Documents Chat on Dev Pages</description>
    <generator>Hugo -- 0.142.0</generator>
    <language>en</language>
    <copyright>PaperMod Contributors</copyright>
    <lastBuildDate>Thu, 26 Feb 2026 00:00:00 +0000</lastBuildDate>
    <atom:link href="https://liviuiancu.com/tags/documents-chat/index.xml" rel="self" type="application/rss+xml" />
    <item>
      <title>Blog chat based on RAG AI with local small LLM</title>
      <link>https://liviuiancu.com/posts/chat-blog-rag-app/</link>
      <pubDate>Thu, 26 Feb 2026 00:00:00 +0000</pubDate>
      <guid>https://liviuiancu.com/posts/chat-blog-rag-app/</guid>
      <description>This is my first attempt to build a chat bot that answers only based on found documents. In this case my blog posts.</description>
    </item>
  </channel>
</rss>
