<?xml version="1.0" encoding="utf-8" standalone="yes"?>
<rss version="2.0" xmlns:atom="http://www.w3.org/2005/Atom" xmlns:content="http://purl.org/rss/1.0/modules/content/">
  <channel>
    <title>Azure on Dev Pages</title>
    <link>https://liviuiancu.com/tags/azure/</link>
    <description>Recent content in Azure on Dev Pages</description>
    <generator>Hugo -- 0.142.0</generator>
    <language>en</language>
    <copyright>PaperMod Contributors</copyright>
    <lastBuildDate>Wed, 26 Mar 2025 00:00:00 +0000</lastBuildDate>
    <atom:link href="https://liviuiancu.com/tags/azure/index.xml" rel="self" type="application/rss+xml" />
    <item>
      <title>Home lab vs Cloud provider: My quest for affordable, practical DevOps Kubernetes experience</title>
      <link>https://liviuiancu.com/posts/homelab-alternative-to-cloud/</link>
      <pubDate>Wed, 26 Mar 2025 00:00:00 +0000</pubDate>
      <guid>https://liviuiancu.com/posts/homelab-alternative-to-cloud/</guid>
      <description>Reasons why I stopped using Azure and decided to use my home lab to build a portfolio and gain practical knowledge.</description>
    </item>
  </channel>
</rss>
