<?xml version="1.0" encoding="utf-8" standalone="yes"?>
<rss version="2.0" xmlns:atom="http://www.w3.org/2005/Atom" xmlns:content="http://purl.org/rss/1.0/modules/content/">
  <channel>
    <title>Terminal on Dev Pages</title>
    <link>https://liviuiancu.com/tags/terminal/</link>
    <description>Recent content in Terminal on Dev Pages</description>
    <generator>Hugo -- 0.142.0</generator>
    <language>en</language>
    <copyright>PaperMod Contributors</copyright>
    <lastBuildDate>Sun, 25 Aug 2024 00:00:00 +0000</lastBuildDate>
    <atom:link href="https://liviuiancu.com/tags/terminal/index.xml" rel="self" type="application/rss+xml" />
    <item>
      <title>Painting the command line: Coloring the terminal output to make more sense of data</title>
      <link>https://liviuiancu.com/posts/cmd-line-colors/</link>
      <pubDate>Sun, 25 Aug 2024 00:00:00 +0000</pubDate>
      <guid>https://liviuiancu.com/posts/cmd-line-colors/</guid>
      <description>Coloring the output of a command</description>
    </item>
    <item>
      <title>Git pull-request from command line</title>
      <link>https://liviuiancu.com/posts/git-pull-from-shell/</link>
      <pubDate>Sat, 19 May 2018 00:00:00 +0000</pubDate>
      <guid>https://liviuiancu.com/posts/git-pull-from-shell/</guid>
      <description>A more direct pr request init from terminal</description>
    </item>
  </channel>
</rss>
