<?xml version="1.0" encoding="utf-8" standalone="yes"?>
<rss version="2.0" xmlns:atom="http://www.w3.org/2005/Atom" xmlns:content="http://purl.org/rss/1.0/modules/content/">
  <channel>
    <title>JavaScript Pattern Generator Algorithm Visualization Kaprekar Pattern on Welcome</title>
    <link>http://192.168.65.2:1313/tags/javascript-pattern-generator-algorithm-visualization-kaprekar-pattern/</link>
    <description>Recent content in JavaScript Pattern Generator Algorithm Visualization Kaprekar Pattern on Welcome</description>
    <image>
      <title>Welcome</title>
      <url>http://192.168.65.2:1313/images/papermod-cover.png</url>
      <link>http://192.168.65.2:1313/images/papermod-cover.png</link>
    </image>
    <generator>Hugo -- 0.142.0</generator>
    <language>en</language>
    <copyright>PaperMod Contributors</copyright>
    <lastBuildDate>Fri, 30 Mar 2018 00:00:00 +0000</lastBuildDate>
    <atom:link href="http://192.168.65.2:1313/tags/javascript-pattern-generator-algorithm-visualization-kaprekar-pattern/index.xml" rel="self" type="application/rss+xml" />
    <item>
      <title>Mathematical Pattern Visualization with D3</title>
      <link>http://192.168.65.2:1313/posts/d3-pattern/</link>
      <pubDate>Fri, 30 Mar 2018 00:00:00 +0000</pubDate>
      <guid>http://192.168.65.2:1313/posts/d3-pattern/</guid>
      <description>Visualising patterns using the D3 library.</description>
    </item>
  </channel>
</rss>
