<?xml version="1.0" encoding="utf-8" standalone="yes"?>
<rss version="2.0" xmlns:atom="http://www.w3.org/2005/Atom" xmlns:content="http://purl.org/rss/1.0/modules/content/">
  <channel>
    <title>Automation on Dev Pages</title>
    <link>https://liviuiancu.com/tags/automation/</link>
    <description>Recent content in Automation on Dev Pages</description>
    <generator>Hugo -- 0.142.0</generator>
    <language>en</language>
    <copyright>PaperMod Contributors</copyright>
    <lastBuildDate>Sat, 11 Oct 2025 00:00:00 +0000</lastBuildDate>
    <atom:link href="https://liviuiancu.com/tags/automation/index.xml" rel="self" type="application/rss+xml" />
    <item>
      <title>Comparing four ai generators generating a voting app</title>
      <link>https://liviuiancu.com/posts/comparing-ai-generators/</link>
      <pubDate>Sat, 11 Oct 2025 00:00:00 +0000</pubDate>
      <guid>https://liviuiancu.com/posts/comparing-ai-generators/</guid>
      <description>Using the same prompt on four ai app generators to see how they compare. Main goal is to generate a voting web app</description>
    </item>
  </channel>
</rss>
