<?xml version="1.0" encoding="utf-8" standalone="yes"?>
<rss version="2.0" xmlns:atom="http://www.w3.org/2005/Atom" xmlns:content="http://purl.org/rss/1.0/modules/content/">
  <channel>
    <title>Truffle on Dev Pages</title>
    <link>https://liviuiancu.com/tags/truffle/</link>
    <description>Recent content in Truffle on Dev Pages</description>
    <generator>Hugo -- 0.142.0</generator>
    <language>en</language>
    <copyright>PaperMod Contributors</copyright>
    <lastBuildDate>Thu, 03 Mar 2022 00:00:00 +0000</lastBuildDate>
    <atom:link href="https://liviuiancu.com/tags/truffle/index.xml" rel="self" type="application/rss+xml" />
    <item>
      <title>Learning blockchain programming</title>
      <link>https://liviuiancu.com/posts/blockchain-learning/</link>
      <pubDate>Thu, 03 Mar 2022 00:00:00 +0000</pubDate>
      <guid>https://liviuiancu.com/posts/blockchain-learning/</guid>
      <description>In the last couple of months I became curious about what makes a crypto currency work, and why I see more and more news about the technology behind it, promoting it as the future solution to so many problems. How does blockchain work?</description>
    </item>
  </channel>
</rss>
