<?xml version="1.0" encoding="utf-8" standalone="yes"?>
<rss version="2.0" xmlns:atom="http://www.w3.org/2005/Atom" xmlns:content="http://purl.org/rss/1.0/modules/content/">
  <channel>
    <title>Blockchain on Dev Pages</title>
    <link>https://liviuiancu.com/tags/blockchain/</link>
    <description>Recent content in Blockchain on Dev Pages</description>
    <generator>Hugo -- 0.142.0</generator>
    <language>en</language>
    <copyright>PaperMod Contributors</copyright>
    <lastBuildDate>Sun, 08 May 2022 00:00:00 +0000</lastBuildDate>
    <atom:link href="https://liviuiancu.com/tags/blockchain/index.xml" rel="self" type="application/rss+xml" />
    <item>
      <title>Trying out the Ergo blockchain environment</title>
      <link>https://liviuiancu.com/posts/ergo-blockchain/</link>
      <pubDate>Sun, 08 May 2022 00:00:00 +0000</pubDate>
      <guid>https://liviuiancu.com/posts/ergo-blockchain/</guid>
      <description>Started with this page &lt;a href=&#34;https://docs.ergoplatform.com/node/install/&#34;&gt;https://docs.ergoplatform.com/node/install/&lt;/a&gt; to install a ergo node but it quickly turned into 2 days of searching for alternatives and tutorials.</description>
    </item>
    <item>
      <title>Learning blockchain programming</title>
      <link>https://liviuiancu.com/posts/blockchain-learning/</link>
      <pubDate>Thu, 03 Mar 2022 00:00:00 +0000</pubDate>
      <guid>https://liviuiancu.com/posts/blockchain-learning/</guid>
      <description>In the last couple of months I became curious about what makes a crypto currency work, and why I see more and more news about the technology behind it, promoting it as the future solution to so many problems. How does blockchain work?</description>
    </item>
  </channel>
</rss>
