<?xml version="1.0" encoding="utf-8" standalone="yes"?>
<rss version="2.0" xmlns:atom="http://www.w3.org/2005/Atom" xmlns:content="http://purl.org/rss/1.0/modules/content/">
  <channel>
    <title>Jss on Welcome</title>
    <link>http://192.168.65.2:1313/tags/jss/</link>
    <description>Recent content in Jss on Welcome</description>
    <image>
      <title>Welcome</title>
      <url>http://192.168.65.2:1313/images/papermod-cover.png</url>
      <link>http://192.168.65.2:1313/images/papermod-cover.png</link>
    </image>
    <generator>Hugo -- 0.142.0</generator>
    <language>en</language>
    <copyright>PaperMod Contributors</copyright>
    <lastBuildDate>Sun, 03 Dec 2017 00:00:00 +0000</lastBuildDate>
    <atom:link href="http://192.168.65.2:1313/tags/jss/index.xml" rel="self" type="application/rss+xml" />
    <item>
      <title>React Material UI customization attempt</title>
      <link>http://192.168.65.2:1313/posts/papermod/react-material/</link>
      <pubDate>Sun, 03 Dec 2017 00:00:00 +0000</pubDate>
      <guid>http://192.168.65.2:1313/posts/papermod/react-material/</guid>
      <description>A small overview of how it went.</description>
    </item>
  </channel>
</rss>
