<?xml version="1.0" encoding="utf-8" standalone="yes"?>
<rss version="2.0" xmlns:atom="http://www.w3.org/2005/Atom" xmlns:content="http://purl.org/rss/1.0/modules/content/">
  <channel>
    <title>Home Server on Dev Pages</title>
    <link>https://liviuiancu.com/tags/home-server/</link>
    <description>Recent content in Home Server on Dev Pages</description>
    <generator>Hugo -- 0.142.0</generator>
    <language>en</language>
    <copyright>PaperMod Contributors</copyright>
    <lastBuildDate>Sun, 15 Jul 2018 00:00:00 +0000</lastBuildDate>
    <atom:link href="https://liviuiancu.com/tags/home-server/index.xml" rel="self" type="application/rss+xml" />
    <item>
      <title>Setting up a home CentOS 7 server with OwnCloud</title>
      <link>https://liviuiancu.com/posts/centos7-owncloud/</link>
      <pubDate>Sun, 15 Jul 2018 00:00:00 +0000</pubDate>
      <guid>https://liviuiancu.com/posts/centos7-owncloud/</guid>
      <description>Lessons from High Performance Browser Networking from Ilya Grigorik. Fantastic resource, great help to understand how networks work.</description>
    </item>
  </channel>
</rss>
