<?xml version="1.0" encoding="utf-8" standalone="yes"?>
<rss version="2.0" xmlns:atom="http://www.w3.org/2005/Atom">
  <channel>
    <title>Index on </title>
    <link>https://liviu.pages.dev/tags/index/</link>
    <description>Recent content in Index on </description>
    <generator>Hugo</generator>
    <language>en-us</language>
    <managingEditor>email@example.com (Hugo Nightfall)</managingEditor>
    <webMaster>email@example.com (Hugo Nightfall)</webMaster>
    <lastBuildDate>Sun, 14 Jan 2024 07:07:07 +0100</lastBuildDate>
    <atom:link href="https://liviu.pages.dev/tags/index/index.xml" rel="self" type="application/rss+xml" />
    <item>
      <title>Posts</title>
      <link>https://liviu.pages.dev/post/</link>
      <pubDate>Sun, 14 Jan 2024 07:07:07 +0100</pubDate><author>email@example.com (Hugo Nightfall)</author>
      <guid>https://liviu.pages.dev/post/</guid>
      <description></description>
    </item>
  </channel>
</rss>
