<?xml version="1.0" encoding="utf-8" standalone="yes"?>
<rss version="2.0" xmlns:atom="http://www.w3.org/2005/Atom" xmlns:content="http://purl.org/rss/1.0/modules/content/">
  <channel>
    <title>Blockchain Truffle Learning on Welcome</title>
    <link>http://192.168.65.2:1313/tags/blockchain-truffle-learning/</link>
    <description>Recent content in Blockchain Truffle Learning on Welcome</description>
    <image>
      <title>Welcome</title>
      <url>http://192.168.65.2:1313/images/papermod-cover.png</url>
      <link>http://192.168.65.2:1313/images/papermod-cover.png</link>
    </image>
    <generator>Hugo -- 0.142.0</generator>
    <language>en</language>
    <copyright>PaperMod Contributors</copyright>
    <lastBuildDate>Thu, 03 Mar 2022 00:00:00 +0000</lastBuildDate>
    <atom:link href="http://192.168.65.2:1313/tags/blockchain-truffle-learning/index.xml" rel="self" type="application/rss+xml" />
    <item>
      <title>Learning blockchain programming</title>
      <link>http://192.168.65.2:1313/posts/blockchain-learning/</link>
      <pubDate>Thu, 03 Mar 2022 00:00:00 +0000</pubDate>
      <guid>http://192.168.65.2:1313/posts/blockchain-learning/</guid>
      <description>In the last couple of months I became curious about what makes a crypto currency work, and why I see more and more news about the technology behind it, promoting it as the future solution to so many problems. How does blockchain work?</description>
    </item>
  </channel>
</rss>
