<?xml version="1.0" encoding="utf-8" standalone="yes"?>
<rss version="2.0" xmlns:atom="http://www.w3.org/2005/Atom" xmlns:content="http://purl.org/rss/1.0/modules/content/">
  <channel>
    <title>Home Lab on Dev Pages</title>
    <link>https://liviuiancu.com/tags/home-lab/</link>
    <description>Recent content in Home Lab on Dev Pages</description>
    <generator>Hugo -- 0.142.0</generator>
    <language>en</language>
    <copyright>PaperMod Contributors</copyright>
    <lastBuildDate>Thu, 01 Jan 2026 00:00:00 +0000</lastBuildDate>
    <atom:link href="https://liviuiancu.com/tags/home-lab/index.xml" rel="self" type="application/rss+xml" />
    <item>
      <title>Running Proxmox and Dokploy for my home lab</title>
      <link>https://liviuiancu.com/posts/proxmox-for-dokploy/</link>
      <pubDate>Thu, 01 Jan 2026 00:00:00 +0000</pubDate>
      <guid>https://liviuiancu.com/posts/proxmox-for-dokploy/</guid>
      <description>Proxmox is my new virtualization platform of choice for running containerized workloads at home. After several detours through configuration rabbit holes, here&amp;rsquo;s what I learned setting up LXC containers for Dokploy and other services.</description>
    </item>
    <item>
      <title>💻 Convex Hosting on a Home Lab with Docker and Orbstack</title>
      <link>https://liviuiancu.com/posts/convex-db-self-host/</link>
      <pubDate>Thu, 20 Nov 2025 00:00:00 +0000</pubDate>
      <guid>https://liviuiancu.com/posts/convex-db-self-host/</guid>
      <description>Self-hosting modern application backends is often a puzzle of configuration, especially when working with newer architectures and tools. Convex, with its focus on full-stack development, offers a self-hosted option that&amp;rsquo;s perfect for a &lt;strong&gt;home lab&lt;/strong&gt; environment.</description>
    </item>
    <item>
      <title>Home lab vs Cloud provider: My quest for affordable, practical DevOps Kubernetes experience</title>
      <link>https://liviuiancu.com/posts/homelab-alternative-to-cloud/</link>
      <pubDate>Wed, 26 Mar 2025 00:00:00 +0000</pubDate>
      <guid>https://liviuiancu.com/posts/homelab-alternative-to-cloud/</guid>
      <description>Reasons why I stopped using Azure and decided to use my home lab to build a portfolio and gain practical knowledge.</description>
    </item>
  </channel>
</rss>
