<?xml version="1.0" encoding="utf-8" standalone="yes"?>
<rss version="2.0" xmlns:atom="http://www.w3.org/2005/Atom" xmlns:content="http://purl.org/rss/1.0/modules/content/">
  <channel>
    <title>PaperMod on Welcome</title>
    <link>http://192.168.65.2:1313/post/papermod/</link>
    <description>Recent content in PaperMod on Welcome</description>
    <image>
      <title>Welcome</title>
      <url>http://192.168.65.2:1313/images/papermod-cover.png</url>
      <link>http://192.168.65.2:1313/images/papermod-cover.png</link>
    </image>
    <generator>Hugo -- 0.142.0</generator>
    <language>en</language>
    <copyright>PaperMod Contributors</copyright>
    <lastBuildDate>Wed, 20 Jan 2021 00:00:00 +0000</lastBuildDate>
    <atom:link href="http://192.168.65.2:1313/post/papermod/index.xml" rel="self" type="application/rss+xml" />
    <item>
      <title>Install / Update PaperMod</title>
      <link>http://192.168.65.2:1313/post/papermod/papermod-installation/</link>
      <pubDate>Wed, 20 Jan 2021 00:00:00 +0000</pubDate>
      <guid>http://192.168.65.2:1313/post/papermod/papermod-installation/</guid>
      <description>Read aboout Install and Update instructions and sampled configuration templates</description>
    </item>
    <item>
      <title>Features / Mods</title>
      <link>http://192.168.65.2:1313/post/papermod/papermod-features/</link>
      <pubDate>Wed, 20 Jan 2021 00:00:00 +0000</pubDate>
      <guid>http://192.168.65.2:1313/post/papermod/papermod-features/</guid>
      <description>Learn About All Features in PaperMod</description>
    </item>
    <item>
      <title>FAQs / How To&#39;s Guide</title>
      <link>http://192.168.65.2:1313/post/papermod/papermod-faq/</link>
      <pubDate>Wed, 20 Jan 2021 00:00:00 +0000</pubDate>
      <guid>http://192.168.65.2:1313/post/papermod/papermod-faq/</guid>
      <description>We&amp;rsquo;ll try to answer frequently asked qestions by users.</description>
    </item>
    <item>
      <title>Social-Icons / Share-Icons</title>
      <link>http://192.168.65.2:1313/post/papermod/papermod-icons/</link>
      <pubDate>Wed, 20 Jan 2021 00:00:00 +0000</pubDate>
      <guid>http://192.168.65.2:1313/post/papermod/papermod-icons/</guid>
      <description>List of all Icons supported by PaperMod</description>
    </item>
    <item>
      <title>Variables | Front Matter</title>
      <link>http://192.168.65.2:1313/post/papermod/papermod-variables/</link>
      <pubDate>Wed, 20 Jan 2021 00:00:00 +0000</pubDate>
      <guid>http://192.168.65.2:1313/post/papermod/papermod-variables/</guid>
      <description>List of Front Matter variables used by PaperMod</description>
    </item>
  </channel>
</rss>
