<?xml version="1.0" encoding="utf-8" standalone="yes"?>
<rss version="2.0" xmlns:atom="http://www.w3.org/2005/Atom" xmlns:content="http://purl.org/rss/1.0/modules/content/">
  <channel>
    <title>Security on Welcome</title>
    <link>http://192.168.65.2:1313/tags/security/</link>
    <description>Recent content in Security on Welcome</description>
    <image>
      <title>Welcome</title>
      <url>http://192.168.65.2:1313/images/papermod-cover.png</url>
      <link>http://192.168.65.2:1313/images/papermod-cover.png</link>
    </image>
    <generator>Hugo -- 0.142.0</generator>
    <language>en</language>
    <copyright>PaperMod Contributors</copyright>
    <lastBuildDate>Thu, 23 Jan 2025 00:00:00 +0000</lastBuildDate>
    <atom:link href="http://192.168.65.2:1313/tags/security/index.xml" rel="self" type="application/rss+xml" />
    <item>
      <title>Building My Own Firewall Router with OPNsense: A Journey in Home Network Security</title>
      <link>http://192.168.65.2:1313/posts/router-opnsense/</link>
      <pubDate>Thu, 23 Jan 2025 00:00:00 +0000</pubDate>
      <guid>http://192.168.65.2:1313/posts/router-opnsense/</guid>
      <description>Some practical benefits running OPNsense on your home network. It vastly improves safety for anyone at home using the internet.</description>
    </item>
  </channel>
</rss>
