<?xml version="1.0" encoding="utf-8" standalone="yes"?>
<rss version="2.0" xmlns:atom="http://www.w3.org/2005/Atom" xmlns:content="http://purl.org/rss/1.0/modules/content/">
  <channel>
    <title>Series on Dev Pages</title>
    <link>https://liviuiancu.com/series/</link>
    <description>Recent content in Series on Dev Pages</description>
    <generator>Hugo -- 0.142.0</generator>
    <language>en</language>
    <copyright>PaperMod Contributors</copyright>
    <lastBuildDate>Thu, 26 Feb 2026 00:00:00 +0000</lastBuildDate>
    <atom:link href="https://liviuiancu.com/series/index.xml" rel="self" type="application/rss+xml" />
    <item>
      <title>Story</title>
      <link>https://liviuiancu.com/series/story/</link>
      <pubDate>Thu, 26 Feb 2026 00:00:00 +0000</pubDate>
      <guid>https://liviuiancu.com/series/story/</guid>
      <description></description>
    </item>
    <item>
      <title>Programming</title>
      <link>https://liviuiancu.com/series/programming/</link>
      <pubDate>Sat, 10 Jan 2026 00:00:00 +0000</pubDate>
      <guid>https://liviuiancu.com/series/programming/</guid>
      <description></description>
    </item>
    <item>
      <title>Devops</title>
      <link>https://liviuiancu.com/series/devops/</link>
      <pubDate>Thu, 01 Jan 2026 00:00:00 +0000</pubDate>
      <guid>https://liviuiancu.com/series/devops/</guid>
      <description></description>
    </item>
    <item>
      <title>Automation</title>
      <link>https://liviuiancu.com/series/automation/</link>
      <pubDate>Sat, 11 Oct 2025 00:00:00 +0000</pubDate>
      <guid>https://liviuiancu.com/series/automation/</guid>
      <description></description>
    </item>
    <item>
      <title>Network</title>
      <link>https://liviuiancu.com/series/network/</link>
      <pubDate>Thu, 23 Jan 2025 00:00:00 +0000</pubDate>
      <guid>https://liviuiancu.com/series/network/</guid>
      <description></description>
    </item>
  </channel>
</rss>
