<?xml version="1.0" encoding="utf-8" standalone="yes"?>
<rss version="2.0" xmlns:atom="http://www.w3.org/2005/Atom">
  <channel>
    <title>Categories on </title>
    <link>https://liviu.pages.dev/categories/</link>
    <description>Recent content in Categories on </description>
    <generator>Hugo</generator>
    <language>en-us</language>
    <managingEditor>email@example.com (Hugo Nightfall)</managingEditor>
    <webMaster>email@example.com (Hugo Nightfall)</webMaster>
    <atom:link href="https://liviu.pages.dev/categories/index.xml" rel="self" type="application/rss+xml" />
  </channel>
</rss>
