<?xml version="1.0" encoding="utf-8" standalone="yes"?>
<rss version="2.0" xmlns:atom="http://www.w3.org/2005/Atom" xmlns:content="http://purl.org/rss/1.0/modules/content/">
  <channel>
    <title>Categories on Dev Pages</title>
    <link>https://liviuiancu.com/categories/</link>
    <description>Recent content in Categories on Dev Pages</description>
    <generator>Hugo -- 0.142.0</generator>
    <language>en</language>
    <copyright>PaperMod Contributors</copyright>
    <atom:link href="https://liviuiancu.com/categories/index.xml" rel="self" type="application/rss+xml" />
  </channel>
</rss>
