<?xml version="1.0" encoding="utf-8" standalone="yes"?>
<rss version="2.0" xmlns:atom="http://www.w3.org/2005/Atom" xmlns:content="http://purl.org/rss/1.0/modules/content/">
  <channel>
    <title>PaperMod on Welcome</title>
    <link>http://192.168.65.2:1313/series/papermod/</link>
    <description>Recent content in PaperMod on Welcome</description>
    <image>
      <title>Welcome</title>
      <url>http://192.168.65.2:1313/images/papermod-cover.png</url>
      <link>http://192.168.65.2:1313/images/papermod-cover.png</link>
    </image>
    <generator>Hugo -- 0.142.0</generator>
    <language>en</language>
    <copyright>PaperMod Contributors</copyright>
    <lastBuildDate>Tue, 19 Jan 2021 00:00:00 +0000</lastBuildDate>
    <atom:link href="http://192.168.65.2:1313/series/papermod/index.xml" rel="self" type="application/rss+xml" />
    <item>
      <title>Install / Update PaperMod</title>
      <link>http://192.168.65.2:1313/posts/papermod/papermod-installation/</link>
      <pubDate>Tue, 19 Jan 2021 00:00:00 +0000</pubDate>
      <guid>http://192.168.65.2:1313/posts/papermod/papermod-installation/</guid>
      <description>Read aboout Install and Update instructions and sampled configuration templates</description>
    </item>
  </channel>
</rss>
