<?xml version="1.0" encoding="utf-8" standalone="yes"?>
<rss version="2.0" xmlns:atom="http://www.w3.org/2005/Atom" xmlns:content="http://purl.org/rss/1.0/modules/content/">
  <channel>
    <title>Ergo Blockchain Learning Starting Ergo Node Ubuntu on Welcome</title>
    <link>http://192.168.65.2:1313/tags/ergo-blockchain-learning-starting-ergo-node-ubuntu/</link>
    <description>Recent content in Ergo Blockchain Learning Starting Ergo Node Ubuntu on Welcome</description>
    <image>
      <title>Welcome</title>
      <url>http://192.168.65.2:1313/images/papermod-cover.png</url>
      <link>http://192.168.65.2:1313/images/papermod-cover.png</link>
    </image>
    <generator>Hugo -- 0.142.0</generator>
    <language>en</language>
    <copyright>PaperMod Contributors</copyright>
    <lastBuildDate>Sun, 08 May 2022 00:00:00 +0000</lastBuildDate>
    <atom:link href="http://192.168.65.2:1313/tags/ergo-blockchain-learning-starting-ergo-node-ubuntu/index.xml" rel="self" type="application/rss+xml" />
    <item>
      <title>Trying out the Ergo blockchain environment</title>
      <link>http://192.168.65.2:1313/posts/ergo-blockchain/</link>
      <pubDate>Sun, 08 May 2022 00:00:00 +0000</pubDate>
      <guid>http://192.168.65.2:1313/posts/ergo-blockchain/</guid>
      <description>Started with this page &lt;a href=&#34;https://docs.ergoplatform.com/node/install/&#34;&gt;https://docs.ergoplatform.com/node/install/&lt;/a&gt; to install a ergo node but it quickly turned into 2 days of searching for alternatives and tutorials.</description>
    </item>
  </channel>
</rss>
